operator_id,user_id,name,license_number,experience_years,certification,safety_score,accident_history,country,status,emergency_contact,created_at
OP0001,USR00001,Kai Chen,LIC-AU-401897,13,Advanced,57.8,1,Australia,active,+61-486744801,2021-08-22
OP0002,USR00002,Ganesh Chauhan,LIC-IN-991125,8,Expert,96.5,2,India,active,+91-6752161682,2021-10-03
OP0003,USR00003,Nikhil Naidu,LIC-IN-791095,4,Basic,71.7,0,India,active,+91-6787887346,2020-12-17
OP0004,USR00004,Andrew Lewis,LIC-US-265603,4,Expert,90.5,1,USA,active,+1-7470827452,2021-02-27
OP0005,USR00005,Scott Williams,LIC-US-617459,15,Expert,84.2,0,USA,active,+1-8061393521,2020-10-13
OP0006,USR00006,Steven Williams,LIC-US-441849,19,Advanced,81.1,0,USA,active,+1-3761349189,2022-06-17
OP0007,USR00007,Rohan Sharma,LIC-IN-828221,5,Basic,87.2,1,India,active,+91-8901774665,2020-10-26
OP0008,USR00008,Brian Robinson,LIC-US-111258,12,Basic,99.0,2,USA,active,+1-3076343427,2020-12-06
OP0009,USR00009,Hunter Nelson,LIC-AU-186558,6,Advanced,83.9,0,Australia,active,+61-473608832,2021-01-29
OP0010,USR00010,Ashok Reddy,LIC-IN-269205,4,Basic,87.4,0,India,active,+91-6732674578,2020-07-27
OP0011,USR00011,Vikram Nair,LIC-IN-509835,6,Advanced,88.6,1,India,active,+91-6723501739,2022-09-14
OP0012,USR00012,Klaus Hofmann,LIC-GE-327197,6,Basic,82.1,1,Germany,active,+49-4068377371,2021-01-10
OP0013,USR00013,Ryan Lewis,LIC-US-772149,6,Expert,73.7,2,USA,active,+1-9140554675,2021-01-26
OP0014,USR00014,Riley Carter,LIC-AU-104892,9,Basic,70.8,1,Australia,active,+61-406531664,2020-10-03
OP0015,USR00015,Daniel Wilson,LIC-US-116817,8,Basic,87.1,1,USA,active,+1-3811113558,2022-11-18
OP0016,USR00016,Deepak Bhat,LIC-IN-201295,8,Basic,86.7,3,India,active,+91-9422763219,2020-07-30
OP0017,USR00017,Manfred Lange,LIC-GE-955244,5,Advanced,74.5,1,Germany,active,+49-6700029200,2021-05-06
OP0018,USR00018,Jeffrey Davis,LIC-US-324164,10,Basic,100.0,2,USA,active,+1-2454773975,2022-01-05
OP0019,USR00019,Ravi Aggarwal,LIC-IN-581061,10,Basic,85.3,1,India,active,+91-6945305958,2022-09-26
OP0020,USR00020,Andreas Krueger,LIC-GE-329177,9,Basic,70.9,2,Germany,active,+49-7060614764,2020-10-08
OP0021,USR00021,David Lewis,LIC-US-364178,8,Advanced,78.0,0,USA,active,+1-6119022697,2021-03-28
OP0022,USR00022,Pradeep Krishnan,LIC-IN-908878,5,Expert,90.1,1,India,active,+91-8979507921,2022-07-19
OP0023,USR00023,Pradeep Saxena,LIC-IN-992919,7,Basic,85.0,3,India,active,+91-8862039901,2021-07-27
OP0024,USR00024,Rajesh Bansal,LIC-IN-635849,14,Advanced,82.8,0,India,active,+91-8751321500,2020-11-03
OP0025,USR00025,Kunal Krishnan,LIC-IN-895807,8,Basic,88.2,3,India,active,+91-9851638315,2022-07-28
OP0026,USR00026,Balaji Malhotra,LIC-IN-162833,7,Advanced,70.0,0,India,active,+91-6590796299,2021-11-14
OP0027,USR00027,Daniel Jones,LIC-US-860541,3,Basic,77.2,0,USA,active,+1-8863680670,2021-09-04
OP0028,USR00028,Stefan Weber,LIC-GE-141531,7,Advanced,78.7,0,Germany,active,+49-9493587758,2021-02-07
OP0029,USR00029,Volker Mueller,LIC-GE-665509,4,Basic,75.2,2,Germany,active,+49-5245043800,2020-09-03
OP0030,USR00030,Ulrich Becker,LIC-GE-167755,5,Advanced,76.0,0,Germany,active,+49-9031016497,2022-09-22
OP0031,USR00031,Liam Adams,LIC-AU-282112,22,Basic,73.4,0,Australia,active,+61-479541539,2021-05-19
OP0032,USR00032,Werner Becker,LIC-GE-426592,11,Advanced,84.9,1,Germany,active,+49-1848411797,2021-09-24
OP0033,USR00033,Manoj Chauhan,LIC-IN-766478,8,Advanced,75.9,0,India,active,+91-6865010736,2022-02-27
OP0034,USR00034,Callum Williams,LIC-AU-593578,9,Basic,71.2,0,Australia,active,+61-459240493,2021-09-26
OP0035,USR00035,Benjamin Jackson,LIC-US-605414,3,Expert,86.6,4,USA,active,+1-6380055224,2021-11-07
OP0036,USR00036,Robert Walker,LIC-US-861945,4,Basic,79.4,5,USA,active,+1-2754622836,2021-11-08
OP0037,USR00037,Ryan Taylor,LIC-US-449421,3,Advanced,74.0,0,USA,active,+1-6881901830,2021-08-09
OP0038,USR00038,Deepak Kumar,LIC-IN-492437,8,Advanced,71.9,1,India,active,+91-8110777636,2021-10-14
OP0039,USR00039,Riley Mitchell,LIC-AU-772188,6,Advanced,81.0,0,Australia,active,+61-478961498,2022-09-21
OP0040,USR00040,Michael Brown,LIC-US-900011,20,Basic,93.8,0,USA,active,+1-8168852674,2022-03-16
OP0041,USR00041,Volker Lange,LIC-GE-830286,14,Advanced,82.0,2,Germany,active,+49-9837774039,2021-11-03
OP0042,USR00042,Tobias Martin,LIC-AU-952624,6,Basic,63.7,0,Australia,active,+61-448508204,2021-02-24
OP0043,USR00043,Klaus Hartmann,LIC-GE-814149,7,Advanced,82.0,1,Germany,active,+49-5927905410,2022-03-24
OP0044,USR00044,Scott Miller,LIC-US-846176,5,Basic,80.0,4,USA,active,+1-5937981886,2021-10-21
OP0045,USR00045,Hans Neumann,LIC-GE-547607,30,Basic,96.8,0,Germany,active,+49-1381708520,2021-02-19
OP0046,USR00046,Steven Jones,LIC-US-517302,9,Expert,90.7,0,USA,active,+1-5002220771,2022-11-26
OP0047,USR00047,Callum Smith,LIC-AU-538136,10,Advanced,92.7,0,Australia,active,+61-470459205,2021-10-02
OP0048,USR00048,Ulrich Klein,LIC-GE-240857,1,Basic,76.5,2,Germany,active,+49-6145458987,2022-05-30
OP0049,USR00049,David Lee,LIC-US-161847,7,Basic,92.0,2,USA,active,+1-5220863567,2020-08-26
OP0050,USR00050,Andreas Klein,LIC-GE-496077,15,Basic,83.4,2,Germany,active,+49-5830470599,2022-09-28
OP0051,USR00051,Kunal Iyer,LIC-IN-205706,14,Advanced,95.0,0,India,active,+91-6040830454,2022-10-01
OP0052,USR00052,Rajesh Bhat,LIC-IN-201546,9,Expert,71.5,1,India,active,+91-6906531700,2021-06-16
OP0053,USR00053,Peter Braun,LIC-GE-550314,3,Basic,71.3,1,Germany,active,+49-6740439400,2021-01-03
OP0054,USR00054,Hunter Martin,LIC-AU-740479,6,Basic,81.4,1,Australia,active,+61-407682829,2021-12-03
OP0055,USR00055,William Smith,LIC-AU-976002,15,Advanced,95.5,1,Australia,active,+61-418637880,2022-11-06
OP0056,USR00056,Paul Anderson,LIC-US-748388,7,Basic,84.7,0,USA,active,+1-9242108972,2021-08-03
OP0057,USR00057,Scott Davis,LIC-US-952092,18,Expert,94.7,0,USA,active,+1-3383767931,2021-02-22
OP0058,USR00058,Michael Robinson,LIC-US-608072,4,Basic,99.0,1,USA,active,+1-8013663710,2021-03-15
OP0059,USR00059,Frank Klein,LIC-GE-250115,3,Basic,87.3,3,Germany,active,+49-1136346958,2021-07-11
OP0060,USR00060,Michael Hofmann,LIC-GE-605590,8,Expert,67.5,1,Germany,active,+49-2034664545,2022-04-30
OP0061,USR00061,Sunil Krishnan,LIC-IN-850534,3,Advanced,74.4,2,India,active,+91-6125506598,2022-06-21
OP0062,USR00062,Hunter Roberts,LIC-AU-798281,2,Advanced,81.7,4,Australia,active,+61-463928214,2021-01-15
OP0063,USR00063,Rahul Pillai,LIC-IN-934184,8,Advanced,90.8,1,India,active,+91-8971192022,2021-12-27
OP0064,USR00064,Jesse Wright,LIC-AU-495323,8,Advanced,100.0,0,Australia,active,+61-496293533,2020-11-02
OP0065,USR00065,Peter Krueger,LIC-GE-371679,14,Basic,85.1,1,Germany,active,+49-5791851910,2022-09-04
OP0066,USR00066,Naveen Naidu,LIC-IN-221746,2,Advanced,100.0,0,India,active,+91-8460324808,2021-11-21
OP0067,USR00067,Naveen Joshi,LIC-IN-164891,1,Basic,79.8,2,India,active,+91-8534287482,2021-06-02
OP0068,USR00068,Ravi Malhotra,LIC-IN-812299,14,Basic,85.9,2,India,active,+91-9421221951,2022-07-26
OP0069,USR00069,Jeffrey Harris,LIC-US-993766,2,Basic,68.7,0,USA,active,+1-3978273827,2022-07-07
OP0070,USR00070,Michael Becker,LIC-GE-883349,14,Basic,73.9,0,Germany,active,+49-4019219484,2021-03-29
OP0071,USR00071,Rohan Krishnan,LIC-IN-840842,2,Expert,82.6,2,India,active,+91-8465190755,2021-07-31
OP0072,USR00072,Daniel Perez,LIC-US-949566,9,Basic,92.6,1,USA,active,+1-3430844947,2020-08-07
OP0073,USR00073,Ulrich Becker,LIC-GE-989735,3,Advanced,72.5,1,Germany,active,+49-9682559090,2021-10-27
OP0074,USR00074,Sunil Rao,LIC-IN-175312,14,Basic,70.5,2,India,active,+91-8267074575,2020-11-18
OP0075,USR00075,Ganesh Gupta,LIC-IN-237259,6,Basic,88.5,2,India,active,+91-7389072233,2020-10-23
OP0076,USR00076,Wolfgang Hartmann,LIC-GE-244243,16,Basic,93.0,0,Germany,active,+49-7367038689,2022-07-07
OP0077,USR00077,Balaji Gupta,LIC-IN-861221,5,Basic,98.3,1,India,active,+91-9677098873,2021-04-22
OP0078,USR00078,Rahul Joshi,LIC-IN-159067,10,Expert,72.5,0,India,active,+91-6412521863,2021-12-03
OP0079,USR00079,Ethan Jones,LIC-AU-722217,3,Advanced,74.0,0,Australia,active,+61-458226527,2022-07-03
OP0080,USR00080,Andrew Wilson,LIC-US-417393,8,Basic,70.3,0,USA,active,+1-9249836531,2022-06-09
OP0081,USR00081,Peter Schmitt,LIC-GE-957939,3,Advanced,95.5,1,Germany,active,+49-8088031498,2022-02-24
OP0082,USR00082,Ryan Moore,LIC-US-612982,12,Basic,88.0,1,USA,active,+1-9049799369,2021-06-29
OP0083,USR00083,Kunal Desai,LIC-IN-881565,4,Basic,80.8,3,India,active,+91-6406103053,2020-09-10
OP0084,USR00084,Andrew Perez,LIC-US-204271,10,Advanced,92.8,1,USA,active,+1-3396847823,2020-12-02
OP0085,USR00085,Angus Taylor,LIC-AU-512925,4,Advanced,90.2,0,Australia,active,+61-474633131,2020-08-17
OP0086,USR00086,Paul Perez,LIC-US-848420,7,Advanced,86.2,2,USA,active,+1-9811805080,2021-02-03
OP0087,USR00087,Harish Gupta,LIC-IN-728204,10,Basic,87.9,1,India,active,+91-8985929521,2022-06-01
OP0088,USR00088,Ashok Yadav,LIC-IN-316247,8,Basic,86.1,2,India,active,+91-8803069611,2022-06-20
OP0089,USR00089,Arjun Saxena,LIC-IN-630734,6,Expert,86.9,2,India,active,+91-7282382405,2021-11-25
OP0090,USR00090,Ethan Nguyen,LIC-AU-148408,15,Basic,83.1,0,Australia,active,+61-469718468,2020-09-22
OP0091,USR00091,Aditya Chowdhury,LIC-IN-428137,16,Advanced,79.3,0,India,active,+91-8244834495,2021-12-07
OP0092,USR00092,Paul Davis,LIC-US-348617,15,Expert,87.1,0,USA,active,+1-2157771113,2022-07-10
OP0093,USR00093,Deepak Reddy,LIC-IN-476507,9,Basic,72.4,1,India,active,+91-7191405559,2022-07-24
OP0094,USR00094,Uwe Schneider,LIC-GE-271252,5,Basic,99.9,1,Germany,active,+49-7013209218,2022-09-08
OP0095,USR00095,Archer Nguyen,LIC-AU-173985,4,Advanced,83.9,3,Australia,active,+61-484499213,2020-11-12
OP0096,USR00096,Pradeep Krishnan,LIC-IN-691021,14,Advanced,83.6,0,India,active,+91-8823159529,2021-02-07
OP0097,USR00097,Gerd Meyer,LIC-GE-127168,20,Advanced,83.5,0,Germany,active,+49-2062994474,2022-03-01
OP0098,USR00098,Vikram Bhat,LIC-IN-771274,6,Basic,74.8,0,India,active,+91-6382141089,2021-11-26
OP0099,USR00099,Flynn Thompson,LIC-AU-110342,4,Basic,86.2,0,Australia,active,+61-413146204,2021-11-11
OP0100,USR00100,Mason Roberts,LIC-AU-284267,8,Expert,90.7,1,Australia,active,+61-470662368,2020-11-17
OP0101,USR00101,Jesse Campbell,LIC-AU-699951,11,Basic,84.3,1,Australia,active,+61-437848959,2021-05-17
OP0102,USR00102,Vikram Sharma,LIC-IN-508486,2,Expert,100.0,1,India,active,+91-6775982423,2021-12-14
OP0103,USR00103,Detlef Schwarz,LIC-GE-109958,2,Basic,75.7,4,Germany,active,+49-4063268031,2021-01-28
OP0104,USR00104,Ravi Desai,LIC-IN-860657,4,Basic,82.6,1,India,active,+91-8745315125,2021-11-18
OP0105,USR00105,Thomas Hofmann,LIC-GE-560282,6,Advanced,63.7,3,Germany,active,+49-9530862812,2020-09-06
OP0106,USR00106,Kevin Anderson,LIC-US-953565,14,Expert,84.7,1,USA,active,+1-2982534348,2021-02-20
OP0107,USR00107,Xavier Nguyen,LIC-AU-183335,12,Basic,100.0,1,Australia,active,+61-410293588,2020-11-15
OP0108,USR00108,Anil Nair,LIC-IN-399736,10,Basic,63.2,0,India,active,+91-8380098110,2021-07-16
OP0109,USR00109,Klaus Klein,LIC-GE-809649,6,Advanced,95.1,1,Germany,active,+49-3997380182,2021-10-13
OP0110,USR00110,Deepak Naidu,LIC-IN-660280,4,Advanced,81.8,2,India,active,+91-9219799338,2021-12-14
OP0111,USR00111,Balaji Bhat,LIC-IN-653764,2,Expert,77.0,2,India,active,+91-8938093078,2021-03-19
OP0112,USR00112,Ashok Nair,LIC-IN-336001,27,Advanced,100.0,0,India,active,+91-6750821255,2022-09-17
OP0113,USR00113,John Thompson,LIC-US-497509,10,Advanced,83.8,0,USA,active,+1-2732223062,2022-08-09
OP0114,USR00114,Sunil Iyer,LIC-IN-999474,6,Expert,78.6,1,India,active,+91-6506228043,2022-02-08
OP0115,USR00115,Karthik Mehta,LIC-IN-696474,6,Advanced,67.6,2,India,active,+91-7690591366,2022-04-24
OP0116,USR00116,Harrison King,LIC-AU-989561,2,Expert,84.2,2,Australia,active,+61-465534015,2022-10-05
OP0117,USR00117,Jeffrey Lee,LIC-US-466709,4,Basic,49.3,0,USA,active,+1-2799541256,2021-12-04
OP0118,USR00118,Sanjay Rao,LIC-IN-261177,17,Advanced,76.8,0,India,active,+91-7764024904,2022-07-29
OP0119,USR00119,Jack Wilson,LIC-AU-514563,13,Basic,86.6,0,Australia,active,+61-450238966,2022-01-30
OP0120,USR00120,Chris White,LIC-US-788159,19,Expert,86.9,0,USA,active,+1-5605012860,2022-06-20
OP0121,USR00121,Balaji Malhotra,LIC-IN-843670,1,Expert,78.8,2,India,active,+91-6852399067,2022-08-11
OP0122,USR00122,Suresh Reddy,LIC-IN-133141,5,Advanced,82.0,1,India,active,+91-6688536935,2021-01-19
OP0123,USR00123,Vinay Bhat,LIC-IN-676846,15,Advanced,98.5,1,India,active,+91-8128446595,2020-09-04
OP0124,USR00124,Juergen Koch,LIC-GE-213119,18,Basic,96.5,0,Germany,active,+49-4404676254,2022-07-26
OP0125,USR00125,Rohan Kumar,LIC-IN-811259,12,Basic,100.0,1,India,active,+91-9564117458,2021-12-17
OP0126,USR00126,Jeffrey Robinson,LIC-US-609533,9,Basic,100.0,1,USA,active,+1-6649795567,2021-09-19
OP0127,USR00127,Rahul Naidu,LIC-IN-903972,10,Basic,84.7,1,India,active,+91-6494007097,2022-03-08
OP0128,USR00128,Mason Nelson,LIC-AU-920738,11,Advanced,70.1,2,Australia,active,+61-413833135,2020-12-15
OP0129,USR00129,Gerd Meyer,LIC-GE-140230,11,Basic,81.3,0,Germany,active,+49-5922930745,2022-11-14
OP0130,USR00130,Robert Johnson,LIC-US-764073,1,Basic,89.9,1,USA,active,+1-6209602003,2022-04-19
OP0131,USR00131,Vinay Sharma,LIC-IN-419071,8,Advanced,95.4,0,India,active,+91-6472682417,2022-03-02
OP0132,USR00132,Steven Lewis,LIC-US-290580,9,Expert,84.0,2,USA,active,+1-2175617484,2022-10-10
OP0133,USR00133,Stefan Wagner,LIC-GE-205656,5,Expert,87.1,0,Germany,active,+49-2850733732,2022-03-19
OP0134,USR00134,Blake White,LIC-AU-114325,7,Basic,84.9,0,Australia,active,+61-491665542,2021-05-16
OP0135,USR00135,Juergen Koch,LIC-GE-654552,8,Advanced,85.2,1,Germany,active,+49-7892193329,2022-04-03
OP0136,USR00136,Werner Zimmermann,LIC-GE-878659,8,Basic,73.6,3,Germany,active,+49-3584862196,2022-10-21
OP0137,USR00137,Timothy Davis,LIC-US-178516,6,Expert,85.2,0,USA,active,+1-4658629294,2022-01-28
OP0138,USR00138,Volker Wagner,LIC-GE-677236,17,Basic,89.6,0,Germany,active,+49-8351279458,2020-10-16
OP0139,USR00139,Angus Harris,LIC-AU-223133,19,Advanced,85.2,0,Australia,active,+61-458535809,2022-09-24
OP0140,USR00140,Paul Thompson,LIC-US-830549,5,Advanced,76.1,3,USA,active,+1-6155324773,2022-02-09
OP0141,USR00141,Kunal Sharma,LIC-IN-954100,6,Basic,85.9,1,India,active,+91-7707222976,2021-07-14
OP0142,USR00142,Karl Schneider,LIC-GE-689822,15,Advanced,99.0,0,Germany,active,+49-8642345291,2021-10-18
OP0143,USR00143,Daniel Miller,LIC-US-830565,4,Basic,88.5,1,USA,active,+1-6333026372,2020-09-14
OP0144,USR00144,Paul Lewis,LIC-US-331039,5,Basic,76.0,2,USA,active,+1-7567839624,2022-03-03
OP0145,USR00145,Chris Wilson,LIC-US-770685,6,Basic,82.2,0,USA,active,+1-6931221476,2022-02-21
OP0146,USR00146,Cooper Jones,LIC-AU-320172,4,Expert,81.4,1,Australia,active,+61-471752116,2022-08-06
OP0147,USR00147,Prakash Aggarwal,LIC-IN-839730,16,Basic,89.2,2,India,active,+91-9796692625,2021-05-19
OP0148,USR00148,Rahul Malhotra,LIC-IN-160045,17,Basic,67.3,0,India,active,+91-8688457565,2020-08-19
OP0149,USR00149,Prakash Iyer,LIC-IN-116398,3,Basic,72.3,1,India,active,+91-8308066861,2021-01-28
OP0150,USR00150,Flynn Wright,LIC-AU-821541,9,Advanced,80.1,0,Australia,active,+61-451268618,2021-02-01
OP0151,USR00151,Pradeep Aggarwal,LIC-IN-563664,11,Basic,70.8,4,India,active,+91-6947637466,2022-01-04
OP0152,USR00152,Kunal Aggarwal,LIC-IN-567723,17,Basic,85.5,0,India,active,+91-6995243301,2020-11-15
OP0153,USR00153,Frank Weber,LIC-GE-581705,4,Advanced,71.4,1,Germany,active,+49-4703774386,2022-05-23
OP0154,USR00154,Benjamin Miller,LIC-US-286367,4,Basic,76.3,1,USA,active,+1-5511132351,2020-12-29
OP0155,USR00155,Robert Jones,LIC-US-776456,24,Advanced,87.9,0,USA,active,+1-6167773845,2022-08-22
OP0156,USR00156,Juergen Lange,LIC-GE-121722,18,Basic,71.1,0,Germany,active,+49-5014410308,2022-07-20
OP0157,USR00157,Anil Mehta,LIC-IN-930892,1,Advanced,73.1,5,India,active,+91-6040356227,2020-09-13
OP0158,USR00158,Balaji Yadav,LIC-IN-245993,19,Basic,85.0,0,India,active,+91-8063411491,2020-10-16
OP0159,USR00159,Ryan Miller,LIC-US-158589,4,Basic,76.6,0,USA,active,+1-8629395582,2022-03-04
OP0160,USR00160,David Smith,LIC-US-207548,6,Advanced,100.0,0,USA,active,+1-8492025238,2020-07-29
OP0161,USR00161,James Wilson,LIC-US-470472,9,Basic,72.9,0,USA,active,+1-4814769504,2022-04-15
OP0162,USR00162,Archer Roberts,LIC-AU-217869,11,Expert,80.4,2,Australia,active,+61-466011040,2022-06-12
OP0163,USR00163,Mason Brown,LIC-AU-449935,3,Basic,70.7,4,Australia,active,+61-415884798,2021-11-28
OP0164,USR00164,Noah Jones,LIC-AU-656249,4,Basic,100.0,1,Australia,active,+61-444942009,2021-03-28
OP0165,USR00165,Sanjay Reddy,LIC-IN-755106,6,Advanced,91.8,1,India,active,+91-9511404401,2022-02-12
OP0166,USR00166,Vikram Mehta,LIC-IN-378293,9,Advanced,84.9,1,India,active,+91-9482013362,2020-12-04
OP0167,USR00167,Klaus Weber,LIC-GE-856383,6,Basic,78.0,1,Germany,active,+49-9488312421,2020-08-20
OP0168,USR00168,Kunal Malhotra,LIC-IN-438746,11,Basic,74.1,1,India,active,+91-6547761887,2022-05-30
OP0169,USR00169,Frank Koch,LIC-GE-534052,8,Advanced,90.7,1,Germany,active,+49-8029161450,2022-07-14
OP0170,USR00170,Bernd Becker,LIC-GE-659699,12,Advanced,78.9,1,Germany,active,+49-6283301624,2022-09-08
OP0171,USR00171,Joshua Thompson,LIC-US-329988,11,Expert,82.4,1,USA,active,+1-5019762806,2022-04-06
OP0172,USR00172,Daniel Smith,LIC-US-215507,13,Expert,87.2,2,USA,active,+1-6550850210,2021-12-10
OP0173,USR00173,Jonathan Jones,LIC-US-678290,7,Expert,90.6,0,USA,active,+1-5921107182,2022-03-29
OP0174,USR00174,Manoj Sharma,LIC-IN-829578,5,Basic,77.8,0,India,active,+91-9023497467,2022-07-09
OP0175,USR00175,James Lewis,LIC-US-211159,9,Basic,95.4,1,USA,active,+1-9141445367,2022-09-18
OP0176,USR00176,Jeffrey Miller,LIC-US-356949,8,Basic,85.3,2,USA,active,+1-2330992932,2021-04-29
OP0177,USR00177,Uwe Weber,LIC-GE-884447,5,Advanced,79.3,1,Germany,active,+49-9369885242,2021-08-08
OP0178,USR00178,Brian Lee,LIC-US-216671,7,Basic,75.0,7,USA,active,+1-2669531015,2021-02-13
OP0179,USR00179,Harish Nair,LIC-IN-973128,19,Basic,76.2,0,India,active,+91-7819437333,2021-01-05
OP0180,USR00180,Kai Robinson,LIC-AU-699853,11,Basic,85.7,4,Australia,active,+61-467360178,2022-01-23
OP0181,USR00181,Uwe Meyer,LIC-GE-231211,2,Expert,81.8,3,Germany,active,+49-4191739394,2021-10-18
OP0182,USR00182,Matthew Martin,LIC-US-734475,2,Expert,90.7,1,USA,active,+1-5615129784,2020-08-18
OP0183,USR00183,Rainer Koch,LIC-GE-778058,5,Expert,88.9,2,Germany,active,+49-2822019158,2022-03-01
OP0184,USR00184,Anil Verma,LIC-IN-129411,5,Expert,78.4,0,India,active,+91-7028773160,2022-02-17
OP0185,USR00185,Vikram Singh,LIC-IN-424135,3,Basic,85.0,3,India,active,+91-6806353512,2021-05-17
OP0186,USR00186,Suresh Iyer,LIC-IN-692232,17,Expert,80.9,0,India,active,+91-6192734662,2021-05-04
OP0187,USR00187,Callum Jones,LIC-AU-423595,7,Basic,100.0,2,Australia,active,+61-401137995,2021-12-02
OP0188,USR00188,Peter Neumann,LIC-GE-473122,10,Basic,84.0,1,Germany,active,+49-5182657117,2020-12-13
OP0189,USR00189,Stefan Klein,LIC-GE-257482,4,Expert,90.3,1,Germany,active,+49-9691662212,2020-09-08
OP0190,USR00190,Jason Johnson,LIC-US-182578,5,Advanced,90.2,0,USA,active,+1-6695648502,2020-11-27
OP0191,USR00191,Deepak Bhat,LIC-IN-268870,2,Advanced,90.9,0,India,active,+91-8154441133,2021-06-22
OP0192,USR00192,Bailey Adams,LIC-AU-923501,15,Basic,82.7,0,Australia,active,+61-417609040,2021-12-20
OP0193,USR00193,Nikhil Malhotra,LIC-IN-506463,17,Advanced,90.9,0,India,active,+91-7026972351,2022-05-03
OP0194,USR00194,Bailey Williams,LIC-AU-621690,3,Advanced,81.9,0,Australia,active,+61-413073617,2020-08-30
OP0195,USR00195,Harish Chauhan,LIC-IN-191401,5,Advanced,83.9,1,India,active,+91-8142811846,2022-08-28
OP0196,USR00196,Chris Taylor,LIC-US-470533,18,Advanced,76.8,0,USA,active,+1-2383236692,2022-06-02
OP0197,USR00197,Martin Schulz,LIC-GE-563518,7,Advanced,94.9,4,Germany,active,+49-7737658873,2022-10-23
OP0198,USR00198,Kevin Martin,LIC-US-235249,18,Expert,85.5,1,USA,active,+1-3893340456,2021-06-26
OP0199,USR00199,Stefan Bauer,LIC-GE-375594,5,Advanced,88.2,0,Germany,active,+49-9773224781,2021-02-11
OP0200,USR00200,Manoj Krishnan,LIC-IN-994498,11,Basic,82.4,1,India,active,+91-6452251506,2022-02-08
OP0201,USR00201,Jason Martin,LIC-US-584734,6,Basic,74.7,0,USA,active,+1-4873979788,2021-12-10
OP0202,USR00202,Timothy White,LIC-US-213611,5,Basic,76.5,1,USA,active,+1-5962067603,2020-10-07
OP0203,USR00203,Andrew Thomas,LIC-US-609917,8,Expert,79.4,1,USA,active,+1-7208228456,2020-11-03
OP0204,USR00204,Anthony Lee,LIC-US-252582,10,Expert,100.0,3,USA,active,+1-4749708434,2022-01-09
OP0205,USR00205,Jeffrey Walker,LIC-US-551002,3,Basic,70.3,1,USA,active,+1-6202886749,2022-04-28
OP0206,USR00206,Rajesh Saxena,LIC-IN-766566,12,Basic,79.1,2,India,active,+91-6756367883,2022-09-08
OP0207,USR00207,Arjun Joshi,LIC-IN-573349,2,Expert,84.2,1,India,active,+91-9742158311,2021-09-29
OP0208,USR00208,Scott Anderson,LIC-US-549350,3,Basic,95.9,2,USA,active,+1-7763928351,2020-10-22
OP0209,USR00209,Deepak Verma,LIC-IN-822291,5,Advanced,85.4,1,India,active,+91-9366641864,2022-06-21
OP0210,USR00210,Tyler Harris,LIC-AU-110413,2,Basic,61.3,2,Australia,active,+61-475283856,2020-09-22
OP0211,USR00211,Lucas Williams,LIC-AU-251642,8,Advanced,79.3,1,Australia,active,+61-443450650,2021-01-21
OP0212,USR00212,Tobias Mitchell,LIC-AU-257817,1,Basic,100.0,2,Australia,active,+61-461560177,2022-07-04
OP0213,USR00213,Brian Brown,LIC-US-645984,7,Advanced,81.7,2,USA,active,+1-5102194933,2021-08-28
OP0214,USR00214,Oliver Adams,LIC-AU-202179,11,Expert,89.5,2,Australia,active,+61-404897064,2022-04-23
OP0215,USR00215,Werner Klein,LIC-GE-464994,6,Basic,84.2,1,Germany,active,+49-5102142411,2021-11-18
OP0216,USR00216,Klaus Hoffmann,LIC-GE-230804,7,Expert,84.2,1,Germany,active,+49-8298511580,2021-02-06
OP0217,USR00217,Tyler Nguyen,LIC-AU-546535,13,Expert,90.7,1,Australia,active,+61-470218664,2020-10-10
OP0218,USR00218,Amit Chowdhury,LIC-IN-723789,4,Basic,83.1,0,India,active,+91-6698607094,2021-05-26
OP0219,USR00219,Kevin Ramirez,LIC-US-836197,12,Advanced,81.1,1,USA,active,+1-8959464031,2022-08-23
OP0220,USR00220,William Williams,LIC-AU-531257,10,Advanced,83.6,1,Australia,active,+61-413915063,2021-07-12
OP0221,USR00221,Gerd Schwarz,LIC-GE-322162,7,Expert,75.6,0,Germany,active,+49-2636725415,2022-05-16
OP0222,USR00222,William Harris,LIC-AU-776184,12,Expert,94.0,1,Australia,active,+61-494467128,2020-09-20
OP0223,USR00223,Klaus Bauer,LIC-GE-790677,11,Basic,90.2,1,Germany,active,+49-6430982163,2020-07-27
OP0224,USR00224,Tyler Nelson,LIC-AU-534694,6,Expert,92.0,0,Australia,active,+61-404385512,2022-11-17
OP0225,USR00225,Prakash Menon,LIC-IN-451367,5,Advanced,75.5,3,India,active,+91-6731908588,2021-04-26
OP0226,USR00226,Mason Robinson,LIC-AU-512423,30,Advanced,100.0,0,Australia,active,+61-406923083,2020-09-03
OP0227,USR00227,Tyler Wilson,LIC-AU-282155,9,Expert,77.7,4,Australia,active,+61-454105718,2022-01-11
OP0228,USR00228,Joshua Wilson,LIC-US-224122,3,Basic,81.6,4,USA,active,+1-9006986034,2020-09-20
OP0229,USR00229,Jonathan Clark,LIC-US-438065,16,Advanced,85.6,1,USA,active,+1-2875153615,2022-08-29
OP0230,USR00230,Rajesh Aggarwal,LIC-IN-748124,7,Basic,74.8,3,India,active,+91-9039015411,2021-05-25
OP0231,USR00231,Noah Baker,LIC-AU-236889,6,Advanced,88.6,1,Australia,active,+61-460895423,2021-02-21
OP0232,USR00232,Steven Miller,LIC-US-661425,3,Basic,76.0,1,USA,active,+1-5609734448,2020-11-19
OP0233,USR00233,Peter Schmitt,LIC-GE-757916,9,Expert,97.3,2,Germany,active,+49-9689323679,2021-04-18
OP0234,USR00234,William Chen,LIC-AU-396183,21,Basic,83.4,0,Australia,active,+61-435164329,2022-06-01
OP0235,USR00235,Vinay Verma,LIC-IN-205561,4,Basic,89.4,0,India,active,+91-8108987661,2020-09-09
OP0236,USR00236,Anil Rao,LIC-IN-540304,11,Basic,92.2,0,India,active,+91-7611705235,2022-01-15
OP0237,USR00237,Ryan Miller,LIC-US-791710,21,Expert,88.5,0,USA,active,+1-8731475820,2021-03-21
OP0238,USR00238,William White,LIC-AU-729138,23,Expert,85.8,0,Australia,active,+61-473347676,2022-11-27
OP0239,USR00239,Balaji Mehta,LIC-IN-130990,5,Basic,74.7,2,India,active,+91-8301905670,2022-11-09
OP0240,USR00240,Jonathan Jones,LIC-US-327496,12,Basic,94.1,0,USA,active,+1-2126691301,2022-07-14
OP0241,USR00241,Balaji Krishnan,LIC-IN-308915,15,Basic,100.0,1,India,active,+91-6395007463,2021-12-11
OP0242,USR00242,Bernd Hoffmann,LIC-GE-519369,2,Advanced,71.7,0,Germany,active,+49-4961454933,2022-03-21
OP0243,USR00243,Sunil Krishnan,LIC-IN-931681,4,Basic,71.0,3,India,active,+91-9291872808,2021-04-10
OP0244,USR00244,Deepak Naidu,LIC-IN-544320,4,Expert,76.1,2,India,active,+91-8561216903,2020-10-28
OP0245,USR00245,Naveen Bansal,LIC-IN-309422,6,Basic,71.1,1,India,active,+91-8435856503,2021-12-06
OP0246,USR00246,Timothy Williams,LIC-US-365356,2,Expert,77.5,0,USA,active,+1-4520584223,2022-02-05
OP0247,USR00247,Timothy Thompson,LIC-US-948340,9,Basic,83.2,5,USA,active,+1-3385905046,2020-09-14
OP0248,USR00248,Manoj Singh,LIC-IN-252085,7,Basic,74.8,5,India,active,+91-9347989525,2022-01-15
OP0249,USR00249,Naveen Krishnan,LIC-IN-587982,12,Basic,85.2,2,India,active,+91-8437261880,2020-09-09
OP0250,USR00250,Manoj Pillai,LIC-IN-322481,2,Basic,87.9,4,India,active,+91-8264574595,2022-04-24
OP0251,USR00251,Arjun Krishnan,LIC-IN-178458,8,Expert,100.0,1,India,active,+91-8465089568,2021-02-09
OP0252,USR00252,Jonathan Jackson,LIC-US-152072,7,Basic,77.6,2,USA,active,+1-5447678454,2021-07-10
OP0253,USR00253,Arjun Malhotra,LIC-IN-730645,8,Advanced,78.6,1,India,active,+91-7403916389,2021-04-06
OP0254,USR00254,Jason Smith,LIC-US-703726,10,Advanced,96.6,2,USA,active,+1-6243233430,2021-08-17
OP0255,USR00255,Ravi Sharma,LIC-IN-141020,9,Expert,84.5,3,India,active,+91-7449078440,2021-02-10
OP0256,USR00256,Vinay Patel,LIC-IN-415619,16,Advanced,80.5,0,India,active,+91-7179713907,2022-01-12
OP0257,USR00257,Peter Schneider,LIC-GE-412941,4,Basic,82.6,1,Germany,active,+49-7247381006,2020-07-16
OP0258,USR00258,David Moore,LIC-US-110901,16,Basic,77.5,0,USA,active,+1-2595859831,2022-01-06
OP0259,USR00259,Tobias Nguyen,LIC-AU-859282,3,Basic,69.7,0,Australia,active,+61-449510172,2020-08-19
OP0260,USR00260,Jack Carter,LIC-AU-145168,5,Expert,92.2,4,Australia,active,+61-414871807,2022-10-14
OP0261,USR00261,Noah Thompson,LIC-AU-951952,7,Advanced,70.0,1,Australia,active,+61-450943206,2022-03-01
OP0262,USR00262,Juergen Zimmermann,LIC-GE-255190,7,Basic,81.2,3,Germany,active,+49-3265977202,2021-04-20
OP0263,USR00263,Mark Anderson,LIC-US-196258,3,Advanced,70.3,1,USA,active,+1-7428031334,2022-02-02
OP0264,USR00264,Frank Schwarz,LIC-GE-618631,10,Basic,60.1,1,Germany,active,+49-1258844497,2022-11-19
OP0265,USR00265,Martin Richter,LIC-GE-953536,6,Basic,82.8,0,Germany,active,+49-8982019929,2020-10-15
OP0266,USR00266,Beau Chen,LIC-AU-210793,5,Expert,81.0,0,Australia,active,+61-417456426,2022-04-22
OP0267,USR00267,Riley Chen,LIC-AU-519645,12,Basic,81.0,0,Australia,active,+61-425226688,2022-09-23
OP0268,USR00268,Amit Bhat,LIC-IN-254444,8,Advanced,79.5,2,India,active,+91-7979782863,2022-08-15
OP0269,USR00269,Thomas Mueller,LIC-GE-599374,18,Basic,84.0,0,Germany,active,+49-7239045246,2022-03-06
OP0270,USR00270,Aditya Singh,LIC-IN-516209,5,Basic,82.3,3,India,active,+91-8156891321,2021-09-17
OP0271,USR00271,Michael Lee,LIC-US-501103,6,Basic,79.0,0,USA,active,+1-9438890257,2021-09-26
OP0272,USR00272,Deepak Joshi,LIC-IN-736955,5,Basic,79.3,1,India,active,+91-8120065562,2021-06-19
OP0273,USR00273,Scott Johnson,LIC-US-155718,9,Basic,94.4,1,USA,active,+1-5844246833,2021-04-22
OP0274,USR00274,Anil Pillai,LIC-IN-750348,5,Basic,81.8,1,India,active,+91-9004382350,2020-11-29
OP0275,USR00275,Andrew Brown,LIC-US-381298,4,Expert,86.9,1,USA,active,+1-4126746095,2022-06-10
OP0276,USR00276,Frank Krueger,LIC-GE-294069,6,Basic,76.6,1,Germany,active,+49-2024862905,2022-01-14
OP0277,USR00277,Manfred Meyer,LIC-GE-548709,4,Advanced,94.9,1,Germany,active,+49-2434751674,2022-06-04
OP0278,USR00278,Noah Taylor,LIC-AU-722859,22,Expert,94.7,0,Australia,active,+61-447263919,2021-08-04
OP0279,USR00279,Mark Wilson,LIC-US-694822,10,Expert,100.0,1,USA,active,+1-9215743734,2022-02-08
OP0280,USR00280,Karl Neumann,LIC-GE-451983,7,Expert,82.3,2,Germany,active,+49-7238939734,2020-11-10
